Station,Altitude [m asl],CH coordinates,Reference period,Jan,Feb,Mar,Apr,May,Jun,Jul,Aug,Sep,Oct,Nov,Dec,Year
Aadorf / Tänikon,539,2710518 / 1259824,01.1961-12.1990,77.9,76.8,76.3,88.6,110.8,121.6,111.6,116.2,95.0,75.7,90.8,82.6,1123.9
Aarberg,444,2588354 / 1211894,01.1961-12.1990,78.0,74.5,74.4,72.0,97.2,109.8,90.7,105.9,81.9,78.6,89.3,82.3,1034.6
Acquarossa / Comprovasco,575,2714985 / 1146450,01.1961-12.1990,62.5,64.3,73.7,122.3,150.2,125.8,121.0,145.3,138.1,120.5,113.1,54.0,1290.8
Adelboden,1321,2609371 / 1148939,01.1961-12.1990,93.2,94.7,102.5,101.7,114.5,147.4,150.4,155.3,89.5,84.0,107.4,105.3,1345.9
Affeltrangen,541,2718739 / 1266351,01.1961-12.1990,58.7,57.8,60.9,80.9,106.7,116.7,107.8,109.1,81.0,60.1,70.9,63.4,974.0
Affoltern i. E.,755,2622940 / 1212500,01.1961-12.1990,78.7,75.3,83.7,96.8,124.5,141.1,121.1,139.7,94.1,81.8,90.1,78.8,1205.7
Aigle,381,2560403 / 1130713,01.1961-12.1990,70.4,66.7,78.3,75.1,87.4,110.6,98.8,113.8,81.0,80.2,89.2,80.5,1032.0
Airolo,1139,2688910 / 1153417,01.1961-12.1990,98.1,111.2,119.0,178.2,203.9,156.3,142.2,159.0,173.1,216.9,179.4,108.7,1846.0
"Allenwinden, TG",865,2713800 / 1249549,01.1961-12.1990,119.6,118.0,118.9,131.7,143.3,169.7,157.8,163.1,124.3,97.9,125.5,118.1,1587.9
Alpthal,1015,2696860 / 1212929,01.1961-12.1990,129.4,130.2,148.3,173.3,195.5,248.5,242.8,238.9,159.1,133.2,152.7,143.7,2095.6
Altdorf,438,2690180 / 1193563,01.1961-12.1990,71.3,67.5,71.0,85.7,98.6,129.9,132.4,133.4,86.0,72.6,81.1,74.6,1104.1
Altmatt,920,2695420 / 1220769,01.1961-12.1990,116.6,107.8,127.7,152.8,170.7,211.4,200.0,211.4,142.7,117.8,130.7,126.3,1815.9
"Altstätten, SG",430,2759910 / 1250201,01.1961-12.1990,84.3,78.1,79.6,104.9,118.9,142.2,143.0,143.4,105.0,78.5,94.3,89.0,1261.2
Alvaneu Dorf,1162,2768985 / 1171899,01.1961-12.1990,53.7,48.6,58.9,64.0,98.9,110.1,120.6,133.5,99.9,67.3,75.6,50.9,982.0
Amriswil,420,2741796 / 1268303,01.1961-12.1990,60.8,59.1,62.1,84.7,111.3,118.1,110.5,116.7,88.5,64.6,76.4,64.6,1017.4
Andeer,987,2752692 / 1164037,01.1961-12.1990,41.2,36.1,53.3,70.5,94.9,103.8,107.7,124.3,106.2,71.6,71.6,36.5,917.7
Andelfingen,360,2692617 / 1273392,01.1961-12.1990,61.4,60.6,56.9,70.4,80.8,100.3,86.9,105.0,64.5,60.8,72.3,66.3,886.2
Andermatt,1435,2687444 / 1165043,01.1961-12.1990,92.0,88.5,104.2,128.0,128.4,125.1,104.8,119.8,100.5,113.0,110.2,92.8,1307.3
Appenzell,750,2748012 / 1245039,01.1961-12.1990,91.8,87.2,93.3,121.8,142.9,185.9,171.6,175.8,128.7,89.5,99.5,95.4,1483.4
Arbon,401,2750506 / 1263114,01.1961-12.1990,65.1,62.9,63.9,91.3,118.0,130.1,134.5,134.1,100.9,68.4,78.8,67.2,1115.2
Arisdorf,482,2625317 / 1261859,01.1961-12.1990,68.8,64.0,64.7,79.9,98.1,104.0,87.1,112.0,77.5,65.1,77.3,73.0,971.5
Arosa,1878,2771030 / 1184830,01.1961-12.1990,78.2,66.5,79.5,86.5,114.8,129.6,139.5,139.9,104.8,74.3,88.8,75.3,1177.7
Avenches,457,2569652 / 1191910,01.1961-12.1990,70.0,62.8,72.8,72.7,99.3,101.9,93.1,102.4,80.1,71.4,82.1,72.6,981.2
Avers / Am Bach,1993,2761959 / 1146802,01.1961-12.1990,44.4,42.0,59.2,77.5,113.1,129.9,133.5,149.7,119.4,90.4,85.4,46.4,1090.9
Bachtel,1110,2709440 / 1239139,01.1961-12.1990,104.2,98.6,112.6,140.8,155.3,183.6,173.0,190.1,125.5,100.7,115.4,109.0,1608.8
Bad Ragaz,497,2756911 / 1209350,01.1961-12.1990,73.0,70.4,72.3,81.0,99.5,122.4,125.1,146.5,99.2,66.0,81.0,77.2,1113.6
Bad Schwendi,1084,2634140 / 1207460,01.1961-12.1990,119.7,118.3,133.8,152.8,174.4,194.0,168.3,168.6,123.0,110.4,140.6,127.3,1731.2
Balsthal,523,2621017 / 1241091,01.1961-12.1990,82.5,75.1,74.4,78.2,98.8,110.4,98.5,113.1,80.3,72.8,86.6,87.3,1058.0
Barmelweid,777,2640058 / 1252430,01.1961-12.1990,92.3,85.5,90.2,100.8,113.2,128.4,106.0,124.8,90.2,81.8,98.1,98.0,1209.3
Basel / Binningen,316,2610908 / 1265611,01.1961-12.1990,51.3,49.2,51.1,63.8,83.8,86.9,79.2,87.4,61.5,51.0,59.0,53.7,777.9
Baulmes,642,2530055 / 1182443,01.1961-12.1990,129.6,123.8,107.1,94.0,114.4,111.6,97.7,108.2,92.6,93.5,125.7,139.2,1337.4
Bauma,667,2710805 / 1247004,01.1961-12.1990,104.8,100.9,108.7,131.9,148.9,173.8,157.5,173.6,123.9,98.2,115.3,106.6,1544.1
Bellelay,923,2579603 / 1234880,01.1961-12.1990,112.9,107.6,108.2,110.2,127.7,131.3,114.9,124.1,89.6,92.8,119.6,122.7,1361.6
Bellinzona,224,2720913 / 1116587,01.1961-12.1990,77.3,67.2,98.7,147.0,180.8,171.7,156.9,172.6,167.1,136.9,126.4,60.0,1562.6
Belp,510,2605082 / 1195000,01.1961-12.1990,78.9,69.5,77.5,97.4,119.6,122.7,109.4,119.6,86.1,78.6,87.1,81.3,1127.7
Benken / Doggen,408,2715387 / 1227539,01.1961-12.1990,84.2,84.2,93.9,123.7,149.6,188.3,174.1,191.3,127.1,91.9,103.1,92.7,1504.1
Bergün / Latsch,1408,2777274 / 1166618,01.1961-12.1990,55.9,47.7,58.7,63.4,98.4,105.4,111.2,132.6,89.7,66.7,76.8,55.0,961.5
Bern / Zollikofen,553,2601934 / 1204409,01.1961-12.1990,66.4,58.3,69.9,83.6,107.9,120.5,103.6,112.6,83.8,73.0,81.0,67.1,1027.7
Bernina / Curtinatsch,2090,2795796 / 1146485,01.1961-12.1990,47.7,38.6,48.8,68.8,117.1,105.4,126.1,133.8,102.4,91.5,80.1,43.2,1003.5
Beromünster,642,2657200 / 1228760,01.1961-12.1990,82.3,79.8,84.3,101.9,125.8,149.6,121.9,134.4,90.8,74.0,91.7,86.3,1222.8
Bex,402,2565805 / 1121511,01.1961-12.1990,72.7,70.2,82.3,82.5,91.5,108.1,105.6,116.6,81.6,75.3,87.4,81.5,1055.3
Beznau,327,2659976 / 1267750,01.1961-12.1990,98.3,91.3,89.3,78.8,87.3,95.5,84.4,98.1,73.1,73.4,96.7,98.4,1064.6
Biasca,278,2718535 / 1132792,01.1961-12.1990,75.8,68.8,86.1,135.1,167.4,136.3,135.9,154.5,166.1,148.5,135.0,60.4,1469.9
Biel/Bienne,433,2586260 / 1218840,01.1961-12.1990,109.0,99.6,90.2,75.3,97.5,107.6,92.2,120.5,86.4,88.4,115.1,120.8,1202.6
Binn,1479,2657995 / 1135421,01.1961-12.1990,68.7,68.1,84.6,98.0,118.6,83.3,68.3,94.4,70.3,120.7,101.9,72.7,1049.6
Bischofszell / Sitterdorf,507,2737713 / 1263612,01.1961-12.1990,59.8,60.2,61.9,84.4,109.2,118.5,115.2,115.2,88.2,61.7,74.2,63.3,1011.8
Bisisthal,856,2705983 / 1200132,01.1961-12.1990,153.2,150.5,159.0,174.7,179.4,241.8,241.6,251.3,157.7,141.0,163.5,166.3,2180.0
Bivio,1856,2771282 / 1148119,01.1961-12.1990,52.4,45.1,60.6,79.4,121.4,128.1,121.4,130.4,106.5,85.3,86.4,53.0,1070.0
Bière,684,2515887 / 1153211,01.1961-12.1990,89.2,81.7,90.9,72.7,79.0,87.6,80.3,93.9,79.6,83.5,97.3,106.1,1041.8
"Blatten, Lötschental",1538,2629563 / 1141083,01.1961-12.1990,105.7,106.5,101.2,69.4,76.4,88.3,81.5,92.6,59.0,88.6,105.0,116.7,1090.9
Blumenstein,655,2606259 / 1177009,01.1961-12.1990,71.9,76.7,78.8,93.0,121.5,145.1,138.2,148.7,96.4,78.1,93.9,79.1,1221.4
Boltigen,820,2595831 / 1163587,01.1961-12.1990,85.3,87.8,83.2,83.6,101.8,128.3,116.4,125.4,80.7,77.3,93.4,97.0,1160.2
Bosco/Gurin,1486,2680878 / 1130026,01.1961-12.1990,93.6,118.7,138.6,207.0,225.7,164.6,133.3,176.4,161.8,205.2,166.8,91.0,1882.7
Boudevilliers,750,2558094 / 1208130,01.1961-12.1990,102.3,99.2,86.5,78.2,93.2,101.4,99.2,107.3,87.9,84.1,110.4,115.7,1165.4
Bourg-St-Pierre,1668,2582152 / 1088263,01.1961-12.1990,62.4,62.2,74.6,77.2,82.9,78.8,79.2,86.3,63.6,74.1,79.2,69.4,889.9
Braggio,1312,2729967 / 1128611,01.1961-12.1990,66.9,67.7,88.7,149.1,204.2,186.1,179.2,186.3,174.7,146.7,140.3,55.3,1645.2
Braunau,592,2723115 / 1264786,01.1961-12.1990,65.7,64.5,67.4,96.0,116.6,133.1,112.1,124.7,97.4,69.3,82.1,69.5,1098.4
Braunwald,1299,2717942 / 1199650,01.1961-12.1990,163.6,170.8,164.7,158.2,152.3,191.1,199.0,206.1,141.0,119.6,171.6,187.3,2025.3
Brienz,567,2647552 / 1176803,01.1961-12.1990,81.8,88.2,92.0,92.3,115.7,141.1,145.9,155.6,91.0,84.4,96.6,88.8,1273.4
Brig,665,2640566 / 1129068,01.1961-12.1990,63.0,69.2,63.6,55.4,57.8,51.7,36.3,53.3,35.8,67.8,77.9,76.6,708.4
Brissago,280,2698199 / 1108388,01.1961-12.1990,82.9,88.3,126.6,213.9,222.4,181.8,185.7,206.6,240.6,218.9,178.5,72.8,2019.0
Bristen,784,2696223 / 1180372,01.1961-12.1990,93.5,85.8,103.0,137.7,131.0,144.9,132.0,143.8,113.2,106.3,114.1,94.2,1399.5
Broc,682,2574681 / 1162098,01.1961-12.1990,73.1,72.2,81.6,97.6,119.6,144.7,124.8,140.7,95.8,90.7,91.0,86.5,1218.3
Brusio,856,2806478 / 1127183,01.1961-12.1990,46.6,38.4,52.1,79.9,117.4,101.6,111.2,107.3,86.8,82.2,85.6,44.7,953.8
Bruzella,620,2724090 / 1082488,01.1961-12.1990,83.8,88.0,119.9,179.4,213.3,170.4,125.7,169.5,157.5,162.8,135.2,74.2,1679.7
Brülisau,928,2752884 / 1240106,01.1961-12.1990,116.8,110.0,112.9,151.5,169.6,207.8,207.2,204.0,147.1,99.7,126.7,117.0,1770.3
"Buch, SH",414,2700944 / 1286038,01.1961-12.1990,57.9,56.0,52.0,64.6,79.3,93.7,84.3,90.5,60.3,60.5,67.4,64.8,831.3
Buchs / Aarau,387,2648396 / 1248369,01.1961-12.1990,65.0,65.3,62.3,69.7,81.0,109.4,94.7,103.1,74.0,63.6,76.5,71.6,936.2
Buffalora,1971,2816494 / 1170254,01.1961-12.1990,42.9,41.2,51.7,67.8,108.2,94.2,125.2,134.7,98.2,73.4,67.0,45.6,950.1
Bullet / La Frétaz,1205,2534225 / 1188081,01.1961-12.1990,106.6,105.7,96.5,85.6,115.1,117.9,103.6,111.3,101.4,96.0,119.8,114.8,1274.3
Burgdorf,534,2612163 / 1211782,01.1961-12.1990,73.5,66.5,71.8,82.0,107.6,119.1,96.9,120.9,76.4,70.8,81.3,74.5,1041.3
Bözberg,536,2652249 / 1259223,01.1961-12.1990,82.0,74.5,75.7,81.6,90.3,108.0,88.3,105.7,78.7,72.3,86.7,82.9,1026.7
Bülach,403,2682029 / 1263775,01.1961-12.1990,72.4,73.1,68.9,78.1,91.6,108.2,99.4,109.5,74.4,67.2,84.5,77.5,1004.8
Camedo,590,2690295 / 1112206,01.1961-12.1990,87.9,100.8,146.2,239.1,270.4,202.6,171.2,222.5,275.3,269.2,199.1,77.5,2261.8
Campocologno,577,2807969 / 1124285,01.1961-12.1990,45.2,37.1,52.0,76.7,115.9,98.5,104.3,107.3,81.9,78.4,81.2,41.9,920.4
Cavaglia,1707,2799866 / 1138474,01.1961-12.1990,81.4,66.6,92.9,127.5,165.0,129.6,135.1,136.3,124.7,125.9,148.3,78.6,1411.9
Cevio,417,2689688 / 1130564,01.1961-12.1990,74.9,96.0,115.1,178.8,200.8,147.7,141.0,160.6,162.3,201.4,153.1,70.5,1702.2
Cham,443,2677758 / 1226877,01.1961-12.1990,63.6,64.3,69.1,93.2,126.5,153.4,128.0,133.6,94.2,74.3,78.7,66.9,1145.8
Chanéaz,765,2546982 / 1175753,01.1961-12.1990,74.7,67.8,71.0,71.1,92.7,99.8,86.6,92.6,83.0,74.4,87.0,76.1,976.8
Chasseral,1594,2570845 / 1220157,01.1961-12.1990,112.4,131.8,130.6,105.9,136.1,158.9,125.8,120.1,110.4,108.2,132.3,136.7,1509.2
Chaumont,1136,2565060 / 1211006,01.1961-12.1990,88.3,82.8,87.9,81.3,100.2,111.8,97.3,110.7,87.9,77.7,94.3,97.5,1117.7
Chavornay,439,2531886 / 1172741,01.1961-12.1990,66.0,63.4,62.2,57.8,77.2,91.7,75.5,81.3,69.6,60.2,73.3,68.7,846.9
Chur,557,2759488 / 1193181,01.1961-12.1990,49.1,49.8,48.0,50.9,71.2,86.8,90.8,101.5,78.8,51.1,64.0,55.7,797.7
Château-d'Oex,1028,2577040 / 1147654,01.1961-12.1990,101.0,99.5,101.1,101.5,113.2,147.0,128.4,142.0,98.9,101.3,115.4,116.5,1365.8
Chéserex,532,2502599 / 1139350,01.1961-12.1990,133.1,126.1,118.1,82.1,95.4,99.0,75.3,95.4,87.7,101.6,127.7,147.8,1289.3
Cimetta,1661,2704433 / 1117457,01.1961-12.1990,53.0,61.8,84.0,137.3,179.8,170.8,168.3,188.7,175.3,167.6,111.5,49.1,1547.2
Col des Mosses,1412,2573817 / 1137852,01.1961-12.1990,142.3,156.9,145.2,116.6,142.0,166.6,160.8,163.0,123.0,120.1,168.0,170.9,1775.4
Col du Grand St-Bernard,2472,2579191 / 1079754,01.1961-12.1990,204.1,205.6,219.8,212.7,191.8,153.3,127.3,147.9,124.9,195.3,224.7,218.0,2225.4
Coldrerio,347,2721080 / 1079233,01.1961-12.1990,84.1,83.6,107.5,146.3,179.7,141.9,109.9,151.6,139.5,156.4,133.1,70.5,1504.1
Combe-Garot,530,2551202 / 1201470,01.1961-12.1990,117.1,102.8,101.8,90.8,109.2,108.1,93.7,106.3,89.1,94.6,118.9,121.0,1253.4
Cossonay,590,2527562 / 1162465,01.1961-12.1990,74.1,71.2,70.0,64.1,82.9,93.1,70.2,83.6,70.3,70.0,79.8,80.1,909.4
Courtelary,695,2573622 / 1225598,01.1961-12.1990,112.8,103.8,100.9,99.0,121.4,126.4,106.9,117.3,93.1,92.5,117.7,124.7,1316.5
Courtepin,565,2576279 / 1189930,01.1961-12.1990,74.1,66.0,76.9,86.2,109.6,114.1,89.3,116.0,80.2,75.9,87.7,74.9,1050.9
Couvet,728,2540606 / 1198345,01.1961-12.1990,101.3,95.3,89.8,83.4,100.6,118.3,99.1,112.2,97.6,84.7,113.9,113.7,1209.9
Croix-de-Rozon,478,2499479 / 1111080,01.1961-12.1990,87.5,79.7,87.9,81.5,95.3,104.9,79.9,95.6,100.8,89.1,103.9,91.9,1098.0
Davos,1594,2783519 / 1187458,01.1961-12.1990,68.2,59.1,59.9,55.2,91.3,119.7,131.5,135.1,90.1,58.0,66.1,64.5,998.7
Degersheim,830,2732600 / 1247599,01.1961-12.1990,82.2,82.7,91.2,120.0,148.4,175.7,158.4,170.9,118.8,83.0,97.3,83.8,1412.4
Delémont,439,2593269 / 1244543,01.1961-12.1990,59.1,57.8,62.0,73.0,92.0,104.9,82.9,95.0,67.6,56.8,68.1,63.1,882.3
Diessenhofen,404,2696732 / 1283138,01.1961-12.1990,62.3,61.1,51.0,63.7,76.5,94.9,85.6,97.0,64.5,65.5,73.5,67.7,863.3
Dietikon,384,2672890 / 1251864,01.1961-12.1990,81.1,79.4,74.8,85.7,99.4,113.3,103.4,114.2,88.1,68.0,87.1,83.3,1077.8
Dischma,1710,2786600 / 1182989,01.1961-12.1990,65.4,54.1,57.6,56.8,94.1,116.3,125.4,133.2,93.7,61.6,67.4,66.2,991.8
Disentis,1197,2708190 / 1173793,01.1961-12.1990,65.0,63.3,70.7,88.5,105.4,96.1,93.9,111.9,95.6,85.2,93.4,67.1,1036.1
Ebnat-Kappel,623,2726347 / 1237176,01.1961-12.1990,140.2,136.5,140.9,149.6,161.6,195.3,190.2,194.0,138.4,109.6,139.2,141.6,1837.1
Echallens,602,2537462 / 1166422,01.1961-12.1990,78.9,69.2,73.1,69.0,88.6,98.8,84.0,90.5,77.7,75.0,84.8,81.9,971.5
Effretikon,478,2695336 / 1254991,01.1961-12.1990,71.6,71.3,72.1,91.3,105.0,129.0,113.1,119.6,89.6,68.0,85.2,77.9,1093.7
Eggersriet,770,2753060 / 1256196,01.1961-12.1990,81.9,78.2,87.8,123.1,140.4,158.5,174.9,170.8,127.3,81.3,95.7,81.5,1401.4
Egolzwil,522,2642913 / 1225540,01.1961-12.1990,67.2,67.1,67.0,82.2,100.7,115.2,100.2,110.9,78.3,66.2,79.9,71.3,1006.2
Ehrendingen,428,2667833 / 1262320,01.1961-12.1990,85.4,77.5,80.8,86.4,103.2,120.5,103.3,120.4,85.5,78.2,92.7,85.8,1119.7
Eigenthal,1114,2659340 / 1203879,01.1961-12.1990,102.3,105.3,123.5,150.2,169.8,198.9,174.5,189.3,122.1,107.6,131.5,113.5,1688.5
Einsiedeln,911,2699983 / 1221068,01.1961-12.1990,113.2,108.1,124.9,144.3,157.8,205.6,201.1,203.6,137.2,108.0,127.5,121.9,1753.2
Elm,958,2732265 / 1198424,01.1961-12.1990,99.6,93.7,109.1,119.6,132.4,153.3,158.9,168.2,123.0,94.5,117.0,113.1,1482.4
Engelberg,1036,2674161 / 1186069,01.1961-12.1990,91.4,89.8,104.4,120.1,140.2,179.3,184.2,185.4,111.8,96.4,109.1,97.4,1509.5
Entlebuch,768,2647935 / 1204164,01.1961-12.1990,95.2,93.6,103.6,121.2,147.3,169.8,154.3,169.3,106.1,89.6,114.1,103.1,1467.2
Eptingen,618,2627692 / 1247983,01.1961-12.1990,85.1,83.1,85.4,95.5,109.4,120.2,105.9,116.7,84.2,75.7,94.3,92.8,1148.3
Eriswil,729,2631275 / 1214794,01.1961-12.1990,78.0,76.8,86.2,100.3,134.2,137.4,123.5,123.8,86.5,80.2,99.0,82.0,1207.9
Erlenbach im Simmental,732,2606536 / 1167474,01.1961-12.1990,98.2,94.0,92.6,99.0,111.9,140.9,133.5,149.0,89.5,79.4,101.3,104.4,1293.7
Ermatingen,400,2723880 / 1281419,01.1961-12.1990,72.5,74.4,66.9,86.3,99.5,105.1,96.5,97.5,75.3,66.5,80.9,77.3,998.7
Eschenz,414,2707844 / 1278214,01.1961-12.1990,63.9,68.4,61.3,78.2,85.4,96.3,84.2,95.9,67.4,64.5,78.5,73.6,917.6
Eschlikon,579,2715684 / 1256830,01.1961-12.1990,89.0,89.3,86.6,100.7,126.9,134.8,125.9,133.4,103.3,82.4,103.0,93.1,1268.4
Escholzmatt,840,2637850 / 1194828,01.1961-12.1990,90.0,84.6,100.9,121.8,149.6,172.4,149.2,164.0,104.3,89.2,105.6,92.7,1424.3
Euthal,910,2704729 / 1217362,01.1961-12.1990,109.0,111.2,119.6,148.7,172.2,218.0,227.9,225.2,138.1,109.2,130.6,123.6,1833.3
Evolène,1375,2604719 / 1106509,01.1961-12.1990,50.7,49.0,58.7,52.8,61.1,68.4,65.4,70.3,50.0,58.1,60.4,59.6,704.5
Fahy,596,2562464 / 1252675,01.1961-12.1990,73.7,69.4,75.5,85.7,110.5,104.7,86.5,101.3,82.1,75.5,88.9,80.7,1034.5
Faido,747,2704950 / 1148265,01.1961-12.1990,71.9,78.4,86.7,133.9,150.7,122.8,126.1,150.2,150.7,141.6,135.8,67.4,1416.2
Fey,737,2586724 / 1115180,01.1961-12.1990,46.2,43.3,40.3,35.0,41.1,50.4,46.2,52.7,36.3,46.1,52.8,51.8,542.2
Fieschertal,1175,2653989 / 1142081,01.1961-12.1990,99.0,90.4,106.7,99.4,103.4,84.5,60.5,87.5,62.4,107.6,109.6,107.0,1118.0
Filisur,1030,2772250 / 1171319,01.1961-12.1990,48.3,42.7,50.3,52.9,91.9,101.6,111.7,122.4,90.0,63.9,69.3,47.5,892.5
Finhaut,1236,2564168 / 1103582,01.1961-12.1990,118.6,111.1,110.2,82.2,90.0,103.5,112.3,120.6,86.1,101.6,115.6,120.4,1272.2
Fionnay,1500,2589959 / 1097765,01.1961-12.1990,91.9,89.2,105.3,107.6,98.8,99.0,98.1,104.1,71.9,87.1,103.2,95.7,1151.9
Flawil,571,2733136 / 1252977,01.1961-12.1990,77.5,76.0,80.1,103.8,130.4,140.4,136.3,143.1,103.2,73.2,87.0,79.7,1230.7
Flims,1056,2740706 / 1188588,01.1961-12.1990,104.2,96.0,100.4,101.0,110.6,120.7,117.4,128.4,107.4,82.3,107.4,108.0,1283.8
"Flühli, LU",940,2644332 / 1193311,01.1961-12.1990,116.8,115.4,122.1,146.5,174.3,215.1,184.4,197.1,124.5,111.5,136.9,128.4,1773.0
Frauenfeld,393,2709480 / 1270169,01.1961-12.1990,59.9,60.8,59.5,76.8,93.6,110.3,96.3,103.7,73.0,61.4,73.7,65.8,934.8
Fribourg / Grangeneuve,651,2575183 / 1180076,01.1961-12.1990,59.6,55.7,66.1,80.0,109.4,112.5,100.1,113.6,81.7,68.9,77.5,62.1,987.2
Frick,344,2643355 / 1262699,01.1961-12.1990,86.8,75.3,81.8,84.3,95.2,108.0,92.4,106.3,79.8,73.0,89.1,88.1,1060.1
Fruence,810,2558813 / 1152867,01.1961-12.1990,124.2,110.2,126.0,120.0,137.3,152.8,132.7,151.6,114.7,115.3,124.8,127.5,1537.1
Frutigen,756,2616773 / 1160883,01.1961-12.1990,91.2,90.1,95.1,93.5,110.9,139.1,143.3,151.4,87.8,79.0,93.3,99.8,1274.5
Fräschels,454,2582300 / 1205070,01.1961-12.1990,72.2,65.5,73.6,70.0,92.6,104.6,89.3,101.4,82.2,75.8,85.6,77.1,989.9
Gadmen,1190,2669740 / 1176589,01.1961-12.1990,111.8,121.4,119.6,124.3,147.9,175.2,174.6,184.0,109.0,102.2,119.1,115.1,1604.2
"Gempen, SO",587,2616269 / 1260413,01.1961-12.1990,66.4,61.9,66.3,88.5,111.5,124.2,104.5,131.9,82.5,71.5,78.6,69.2,1057.0
Genève / Aïre,376,2495934 / 1116925,01.1961-12.1990,72.0,68.7,72.4,62.8,74.2,84.0,65.8,71.9,75.5,72.0,84.2,79.0,882.5
Genève / Cointrin,411,2498904 / 1122631,01.1961-12.1990,80.4,81.4,79.4,64.8,76.8,89.0,66.8,79.0,81.0,76.8,92.1,86.8,954.3
Giswil,471,2657323 / 1188976,01.1961-12.1990,79.0,86.7,87.5,95.9,117.1,146.0,147.1,168.4,102.6,84.6,99.7,95.9,1310.5
Glarus,517,2723756 / 1210567,01.1961-12.1990,86.1,86.9,90.5,104.1,127.1,164.0,175.3,177.3,111.9,89.3,101.0,102.2,1415.7
Grimentz,1512,2610767 / 1114288,01.1961-12.1990,59.0,64.6,61.9,52.3,65.3,77.3,66.0,81.7,51.9,60.5,65.0,63.6,769.1
Grimsel Hospiz,1980,2668583 / 1158214,01.1961-12.1990,198.6,181.7,191.8,180.7,141.0,139.7,122.1,132.2,102.0,125.4,158.4,189.7,1863.3
Grindelwald,1107,2643511 / 1163246,01.1961-12.1990,100.5,100.7,108.0,111.9,128.4,137.1,141.3,156.1,88.3,87.3,95.3,95.5,1350.4
Grono,324,2733017 / 1124089,01.1961-12.1990,64.4,61.7,87.0,128.2,163.7,152.4,142.2,165.8,155.5,125.9,120.4,56.0,1423.2
"Gross, SZ",897,2701799 / 1218840,01.1961-12.1990,121.0,123.0,131.9,157.3,173.7,212.6,212.1,193.3,131.5,106.4,133.1,128.1,1824.0
Grosshöchstetten,755,2616015 / 1194884,01.1961-12.1990,77.7,73.1,84.1,107.6,142.2,159.0,136.7,145.9,90.1,77.8,86.2,77.9,1258.3
Gryon,1158,2571093 / 1124889,01.1961-12.1990,104.4,101.6,115.7,114.9,120.4,133.7,127.0,134.2,95.9,93.5,110.9,114.4,1366.6
Grächen,1605,2630738 / 1116062,01.1961-12.1990,42.2,48.3,57.9,53.3,66.5,62.0,47.1,59.7,40.6,60.3,68.1,46.8,652.8
Grüningen,535,2698752 / 1236665,01.1961-12.1990,82.3,80.1,83.5,103.2,127.9,149.3,145.3,158.3,107.5,80.4,93.0,84.8,1295.6
Grüsch,590,2766900 / 1204899,01.1961-12.1990,96.0,91.3,87.5,86.0,102.0,123.0,123.5,132.2,96.3,68.8,98.5,104.7,1209.8
Gstaad,1100,2586999 / 1143000,01.1961-12.1990,105.0,105.7,101.0,94.8,118.1,148.0,127.8,147.0,98.7,94.9,115.1,123.0,1379.1
"Gsteig, Gstaad",1196,2587686 / 1136142,01.1961-12.1990,133.2,143.7,126.6,118.3,135.6,167.9,159.5,168.6,111.9,113.4,149.0,157.3,1685.0
Guglera,879,2585059 / 1177645,01.1961-12.1990,80.0,75.0,91.7,109.5,146.3,161.6,135.4,158.2,110.5,95.7,98.1,84.5,1346.5
Guttannen,1055,2665296 / 1167600,01.1961-12.1990,122.1,120.5,144.0,153.9,149.4,153.9,141.9,156.8,105.6,111.7,131.9,123.0,1614.7
Göschenen,950,2688477 / 1171925,01.1961-12.1990,111.0,107.4,120.7,145.1,143.9,126.6,114.8,131.1,106.2,122.9,129.3,112.7,1471.7
Göscheneralp,1745,2681253 / 1166803,01.1961-12.1990,104.2,100.4,130.2,144.0,156.2,139.5,130.0,146.1,116.9,142.1,134.8,110.1,1554.5
Gösgen,380,2640422 / 1245949,01.1961-12.1990,65.8,66.4,62.6,71.2,86.9,107.9,93.8,97.7,70.5,59.7,73.2,73.9,929.6
"Gütsch, Andermatt",2286,2690087 / 1167480,01.1961-12.1990,111.8,112.2,128.3,148.0,125.1,125.1,116.3,140.9,101.4,102.1,119.0,115.8,1446.0
Güttingen,440,2738422 / 1273962,01.1961-12.1990,58.3,60.4,55.8,75.1,93.3,102.0,103.6,91.9,77.0,59.8,74.6,64.5,916.3
Hallau,419,2677456 / 1283471,01.1961-12.1990,69.0,64.6,58.2,58.6,66.6,75.9,68.3,75.8,52.8,55.9,74.5,75.8,796.0
Hausen am Albis,590,2682052 / 1232674,01.1961-12.1990,75.0,76.9,81.1,112.4,137.0,174.8,153.9,163.8,106.3,81.8,90.1,82.5,1335.6
Herbetswil,544,2611291 / 1238440,01.1961-12.1990,104.5,93.2,86.9,90.7,108.9,118.5,103.2,116.6,81.9,83.2,99.1,105.6,1192.3
Herisau,700,2737730 / 1250829,01.1961-12.1990,86.7,81.9,93.6,119.7,142.3,164.8,166.9,163.7,120.8,83.7,98.5,90.6,1413.2
Herzogenbuchsee,482,2620889 / 1226910,01.1961-12.1990,84.7,77.4,79.9,79.5,104.6,118.9,96.4,114.7,80.8,73.4,88.2,87.7,1086.2
Hessigkofen,580,2602350 / 1221220,01.1961-12.1990,86.6,81.3,76.1,79.1,103.2,118.1,102.0,124.2,83.6,78.9,90.2,88.6,1111.9
Hinterrhein,1611,2733900 / 1153979,01.1961-12.1990,47.7,44.7,62.8,132.2,193.9,156.7,150.1,165.8,168.6,159.2,134.2,52.7,1468.6
Hinwil,539,2703874 / 1240717,01.1961-12.1990,80.6,78.7,81.6,109.4,131.7,160.7,152.1,169.6,111.8,85.3,93.4,85.7,1340.6
Hoch-Ybrig,1458,2702760 / 1207629,01.1961-12.1990,174.1,166.5,186.6,212.6,210.4,270.8,279.5,271.9,174.4,142.4,176.9,180.4,2446.5
Hondrich,760,2618524 / 1169129,01.1961-12.1990,79.6,81.2,85.9,99.3,125.3,155.5,140.6,159.9,96.0,81.4,93.1,82.8,1280.6
Huttwil,633,2630261 / 1218189,01.1961-12.1990,88.1,81.2,87.9,98.9,122.0,138.3,122.7,128.6,89.1,83.0,100.4,87.0,1227.2
Hérémence,1218,2597355 / 1114091,01.1961-12.1990,64.2,65.0,61.7,51.4,61.0,77.5,65.2,73.3,51.9,61.1,71.4,72.4,776.1
Ilanz,698,2735686 / 1181965,01.1961-12.1990,62.9,58.0,60.2,62.9,75.4,86.7,84.2,93.3,82.6,57.3,79.4,66.6,869.5
Illhart,540,2720330 / 1275759,01.1961-12.1990,60.5,64.3,59.5,83.1,100.7,113.6,99.4,102.5,82.1,67.9,80.9,70.8,985.3
Innerferrera,1475,2753870 / 1154069,01.1961-12.1990,50.8,43.6,60.9,97.9,141.3,146.3,149.5,157.9,143.5,97.5,96.9,51.4,1237.5
Innerthal,903,2712079 / 1218325,01.1961-12.1990,121.2,120.4,130.8,154.1,181.2,239.6,210.0,221.2,140.0,111.0,134.0,133.6,1897.1
Interlaken,577,2633023 / 1169091,01.1961-12.1990,74.8,76.3,85.0,89.0,108.8,139.4,127.9,144.6,81.4,77.6,90.0,79.5,1174.3
Isenthal,783,2685531 / 1196130,01.1961-12.1990,99.7,95.3,105.3,126.3,137.5,182.1,193.3,187.1,118.5,96.9,114.4,105.7,1562.1
Jaun,1029,2587532 / 1162270,01.1961-12.1990,131.6,125.0,132.1,137.4,148.5,183.9,166.3,174.4,117.0,112.5,139.9,148.1,1716.7
Jona,410,2706760 / 1231289,01.1961-12.1990,82.7,80.9,88.6,112.9,136.0,170.6,162.5,174.9,120.2,87.6,97.3,88.5,1402.7
Jussy,466,2508909 / 1120364,01.1961-12.1990,72.2,69.9,75.3,70.4,92.5,97.0,69.4,83.8,84.2,77.0,84.6,76.9,953.2
"Kaiserstuhl, AG",361,2673335 / 1269332,01.1961-12.1990,72.8,69.7,66.0,74.8,90.8,100.5,87.1,104.8,74.9,69.3,83.0,75.9,969.6
Kalchrain,580,2709060 / 1274349,01.1961-12.1990,58.3,59.2,57.2,77.8,98.4,109.0,101.5,107.4,72.8,63.5,73.5,62.4,941.0
Kandersteg,1178,2618312 / 1149197,01.1961-12.1990,69.8,73.9,85.9,89.1,108.5,125.9,128.7,134.4,83.8,77.8,84.9,78.9,1141.6
Kiental,930,2622110 / 1159074,01.1961-12.1990,73.7,74.8,82.6,94.5,110.7,149.0,140.7,148.9,84.2,74.3,84.4,80.6,1198.4
Kiesen,535,2610256 / 1185526,01.1961-12.1990,58.5,53.4,59.6,87.4,106.5,119.6,114.5,132.0,72.7,60.8,64.3,61.7,991.0
"Kirchberg, SG",742,2717906 / 1253595,01.1961-12.1990,90.0,88.1,86.7,95.6,115.3,129.8,127.5,128.5,98.4,78.8,95.7,93.1,1227.5
Kleine Scheidegg,2061,2639925 / 1159424,01.1961-12.1990,100.1,99.0,132.6,138.0,155.7,177.2,167.7,183.9,103.3,110.7,104.1,102.4,1574.7
Klosters,1186,2786857 / 1193365,01.1961-12.1990,96.9,78.0,88.8,89.8,110.1,131.9,135.9,137.5,96.3,72.8,89.6,94.8,1222.4
Klöntal,855,2718775 / 1210699,01.1961-12.1990,112.8,119.4,123.0,135.0,165.7,220.0,229.5,240.5,147.8,115.2,130.7,130.7,1870.3
Koppigen,485,2612663 / 1218664,01.1961-12.1990,76.6,69.3,73.2,79.3,105.9,120.5,93.7,117.1,81.9,73.5,85.2,80.0,1056.2
Kronberg,1645,2742873 / 1239564,01.1961-12.1990,112.8,109.4,125.8,159.0,167.7,210.1,214.6,206.4,148.2,102.1,126.5,118.4,1801.0
Kurzeneialp,894,2630576 / 1207006,01.1961-12.1990,108.4,102.9,119.3,141.5,172.1,182.8,151.3,161.5,110.8,101.1,121.1,113.6,1586.4
Küblis,839,2778150 / 1198340,01.1961-12.1990,83.6,80.4,77.9,74.7,97.2,118.2,119.1,126.8,92.5,66.2,89.6,89.6,1115.8
"Küsnacht, ZH",413,2686703 / 1240572,01.1961-12.1990,77.0,77.8,77.4,89.8,106.6,138.2,127.1,139.1,96.8,69.6,87.0,84.9,1171.3
Küssnacht am Rigi,502,2675329 / 1216765,01.1961-12.1990,68.7,65.6,79.6,103.3,127.9,160.9,145.5,157.0,103.9,74.8,81.1,70.9,1239.2
L' Auberson,1096,2523851 / 1186295,01.1961-12.1990,143.0,137.5,129.4,123.2,149.4,157.8,111.9,136.4,123.1,117.5,148.6,153.8,1631.6
L'Abergement,647,2527539 / 1178770,01.1961-12.1990,113.4,113.6,101.7,95.1,115.2,114.2,91.6,102.4,94.9,93.8,119.7,129.2,1284.8
La Brévine,1050,2536981 / 1203974,01.1961-12.1990,90.8,84.1,96.5,101.5,131.3,146.2,115.7,118.3,106.2,93.1,113.4,104.5,1301.6
La Chaux-de-Fonds,1017,2550919 / 1214861,01.1961-12.1990,110.4,108.8,105.2,105.0,139.6,143.1,120.8,132.5,109.1,100.7,125.2,122.1,1422.5
La Cure,1185,2495297 / 1146347,01.1961-12.1990,165.5,161.6,154.9,138.3,159.1,153.7,124.7,149.8,138.6,148.0,180.9,184.0,1859.1
La Dôle,1670,2497059 / 1142372,01.1961-12.1990,188.0,178.3,167.2,134.1,147.8,144.9,121.3,135.1,131.2,144.6,174.9,218.7,1886.1
La Valsainte,1044,2580089 / 1166314,01.1961-12.1990,113.9,109.4,119.7,139.8,159.6,187.5,159.7,175.1,119.2,112.4,121.4,117.6,1635.3
Lachen / Eggen,930,2762030 / 1255899,01.1961-12.1990,90.8,86.4,91.9,131.9,156.3,184.1,193.6,186.0,136.4,96.5,108.3,99.0,1561.2
Lachen / Galgenen,468,2707638 / 1226334,01.1961-12.1990,86.1,85.3,96.2,124.0,148.9,180.9,167.8,179.8,119.8,91.1,101.2,95.2,1476.3
Landquart,537,2762680 / 1203709,01.1961-12.1990,83.7,74.9,74.7,82.1,95.9,117.3,114.2,129.2,92.1,67.1,85.1,85.6,1101.9
Langenbruck,731,2624250 / 1244720,01.1961-12.1990,91.3,89.5,87.2,93.8,121.7,137.6,119.7,132.5,94.3,88.0,102.7,100.7,1259.0
Langnau am Albis,535,2682763 / 1238014,01.1961-12.1990,89.3,87.5,91.0,117.0,136.0,158.8,136.6,152.2,112.8,83.7,99.6,92.8,1357.3
Langnau i.E.,744,2628004 / 1198793,01.1961-12.1990,88.2,86.7,91.5,111.7,150.6,168.7,146.7,151.5,99.2,85.6,99.8,90.7,1370.9
Laufen,404,2606652 / 1251464,01.1961-12.1990,68.1,66.3,71.6,85.6,109.2,114.2,96.4,118.7,79.0,66.7,75.3,70.0,1021.1
Laufenburg,329,2646357 / 1266514,01.1961-12.1990,97.5,85.9,88.6,87.4,97.6,108.4,92.0,104.4,79.5,77.6,97.8,102.1,1118.8
Laupen,483,2584905 / 1196204,01.1961-12.1990,68.2,62.1,70.1,76.9,99.2,111.0,99.5,111.0,84.1,70.5,79.1,70.1,1001.8
Lausanne,601,2538975 / 1153256,01.1961-12.1990,93.0,81.8,85.7,86.4,105.7,116.9,95.7,114.6,94.2,92.7,102.0,94.7,1163.4
Lauterbrunnen,815,2635851 / 1160290,01.1961-12.1990,85.6,83.3,88.6,91.3,102.6,128.7,127.2,138.6,78.7,78.0,92.2,88.3,1183.1
Le Locle,1015,2546612 / 1212177,01.1961-12.1990,131.6,120.9,121.6,116.2,141.6,142.2,115.3,126.2,106.9,99.4,133.9,142.0,1497.8
Le Moléson,1974,2567718 / 1155076,01.1961-12.1990,87.6,84.6,80.6,113.0,127.4,120.7,118.6,130.8,95.9,87.7,81.0,84.8,1212.7
Lenzerheide,1400,2761860 / 1175889,01.1961-12.1990,57.4,55.4,58.4,69.2,105.9,122.6,130.2,139.1,104.9,68.8,71.7,57.9,1041.5
Les Avants,1036,2561879 / 1145178,01.1961-12.1990,126.9,106.3,141.1,142.5,156.6,193.3,151.7,183.4,130.4,122.7,142.4,122.0,1719.3
Les Bioux,1023,2509916 / 1163443,01.1961-12.1990,167.9,169.8,159.8,124.5,142.9,147.9,122.8,131.5,119.9,129.1,170.2,183.9,1770.2
Les Brenets,908,2544673 / 1213695,01.1961-12.1990,123.3,116.7,112.4,105.6,137.2,141.1,116.3,126.0,108.4,96.9,126.6,134.4,1444.9
Les Charbonnières,1045,2513820 / 1169387,01.1961-12.1990,154.2,142.2,139.8,121.5,133.9,137.9,114.3,128.3,117.7,116.7,154.5,164.9,1625.9
Les Diablerets,1190,2579029 / 1132860,01.1961-12.1990,136.4,139.5,130.9,124.9,139.1,154.8,146.9,156.9,107.2,112.1,139.5,156.0,1644.2
Les Marécottes,990,2567374 / 1107577,01.1961-12.1990,123.7,132.5,117.1,88.1,85.5,93.5,96.8,109.0,77.9,97.2,130.9,146.1,1298.3
Les Plans-sur-Bex,1070,2572959 / 1122720,01.1961-12.1990,108.7,106.6,120.8,125.7,135.1,144.8,133.5,145.2,106.0,102.2,119.3,115.2,1463.1
Les Ponts-de-Martel,1052,2545886 / 1205407,01.1961-12.1990,130.5,121.7,124.6,121.1,141.3,141.9,119.5,130.8,108.5,106.0,139.0,148.3,1533.2
Leukerbad,1286,2614082 / 1135090,01.1961-12.1990,115.6,111.8,101.7,72.6,80.2,101.1,100.3,103.5,71.4,83.3,109.2,125.7,1176.4
Linthal / Tierfehd,810,2717770 / 1193169,01.1961-12.1990,130.2,122.5,140.7,146.5,145.5,167.7,171.1,181.5,130.8,111.9,138.6,145.2,1732.2
Locarno / Monti,367,2704166 / 1114315,01.1961-12.1990,78.9,79.4,114.6,181.9,213.9,184.9,182.4,204.6,210.9,174.9,149.7,67.0,1843.1
"Lohn, SH",585,2692911 / 1289774,01.1961-12.1990,57.1,52.5,51.1,55.5,69.1,81.6,73.9,82.9,52.0,54.4,65.1,65.6,760.8
Longirod,900,2509386 / 1150106,01.1961-12.1990,120.8,116.5,107.8,86.9,102.6,102.6,80.0,104.0,95.4,101.3,127.5,140.0,1285.4
Lorzentobel,534,2684601 / 1226129,01.1961-12.1990,77.8,79.8,93.2,120.9,147.1,182.1,170.3,180.1,120.9,93.7,99.2,85.5,1450.6
Lugano,273,2717874 / 1095882,01.1961-12.1990,76.2,71.0,106.0,151.9,194.0,170.6,132.8,166.4,152.6,140.4,119.8,63.3,1545.0
Lungern,761,2655415 / 1181868,01.1961-12.1990,113.2,121.7,115.2,108.9,122.8,157.7,153.9,162.7,101.0,87.9,120.0,125.9,1490.9
Luthern,768,2636488 / 1212025,01.1961-12.1990,106.4,102.1,108.0,122.4,146.9,162.2,141.3,150.3,103.4,97.2,119.8,113.7,1473.7
Luzern,454,2665544 / 1209849,01.1961-12.1990,68.5,65.2,77.2,100.2,133.9,164.6,151.7,161.2,100.6,75.7,87.8,70.7,1257.3
Madiswil,663,2629396 / 1223378,01.1961-12.1990,83.7,78.7,82.6,88.1,106.4,127.9,113.8,126.6,86.9,75.9,92.6,86.4,1149.6
Magadino / Cadenazzo,203,2715479 / 1113160,01.1961-12.1990,78.2,83.5,114.0,186.6,211.4,184.8,161.5,171.7,187.1,173.4,152.6,67.2,1772.0
Magglingen,883,2583037 / 1221115,01.1961-12.1990,132.0,117.8,115.1,92.1,115.7,121.4,101.9,121.7,94.7,103.9,135.6,145.8,1397.7
Malbun,1610,2764702 / 1219184,01.1961-12.1990,101.3,91.6,111.8,122.9,142.2,194.6,205.2,216.3,143.3,101.2,96.2,105.4,1632.0
"Marbach, LU",864,2635347 / 1189679,01.1961-12.1990,114.0,111.8,124.2,146.2,179.0,218.3,179.3,197.9,126.5,114.4,129.0,119.4,1760.0
Marsens,715,2571757 / 1167316,01.1961-12.1990,84.7,78.1,89.1,100.0,120.7,134.0,112.7,125.9,90.6,89.0,97.8,89.2,1211.8
Martigny,461,2570919 / 1106546,01.1961-12.1990,76.2,84.2,68.3,56.7,58.2,68.1,65.4,75.2,53.2,64.4,82.2,91.3,843.4
Martina,1041,2830465 / 1196986,01.1961-12.1990,48.9,45.6,40.3,41.7,76.7,77.4,94.1,102.2,67.4,51.0,56.8,50.6,752.7
Meiringen,589,2655844 / 1175929,01.1961-12.1990,96.3,93.4,106.6,99.3,121.6,150.7,148.3,165.3,88.7,86.1,97.0,97.3,1350.6
Merishausen,525,2687801 / 1290269,01.1961-12.1990,75.7,72.2,70.9,76.0,93.4,108.1,94.6,101.4,64.2,66.6,83.4,89.0,995.5
Mervelier,540,2603884 / 1243975,01.1961-12.1990,77.1,65.9,65.6,82.7,114.2,141.5,109.4,129.9,81.7,68.9,81.7,78.7,1097.3
Mesocco,825,2737851 / 1139822,01.1961-12.1990,77.2,69.1,91.9,142.7,184.5,172.5,148.3,174.8,155.2,141.8,127.3,64.8,1550.1
Mogelsberg,780,2728363 / 1247073,01.1961-12.1990,78.8,83.7,86.7,108.3,131.8,161.8,154.5,156.6,116.0,78.3,91.1,82.0,1329.6
Monstein,1633,2778426 / 1176002,01.1961-12.1990,64.6,55.8,61.4,63.2,103.8,111.2,123.1,132.7,99.1,64.5,73.8,63.3,1016.5
Montagne du Droit,1170,2561830 / 1222150,01.1961-12.1990,133.1,132.2,124.8,123.6,144.5,151.6,123.9,142.1,109.9,107.9,138.9,144.3,1576.8
"Montagnier, Bagnes",839,2583491 / 1102189,01.1961-12.1990,74.3,68.2,73.2,63.7,71.3,76.7,69.2,76.7,55.1,65.5,76.7,80.0,850.6
Montana,1423,2601708 / 1127488,01.1961-12.1990,78.3,71.1,58.7,46.8,57.8,76.7,72.9,81.0,51.3,64.1,77.0,94.7,830.4
Montenol,694,2578412 / 1244818,01.1961-12.1990,88.7,82.0,88.6,104.7,135.9,135.9,110.1,125.4,88.5,82.4,99.6,100.4,1242.2
Montreux-Clarens,405,2558559 / 1143600,01.1961-12.1990,89.9,86.1,103.5,109.0,118.6,157.3,129.9,158.2,117.0,104.3,114.3,91.1,1379.2
Morbio Superiore,594,2723520 / 1080124,01.1961-12.1990,88.9,84.4,111.3,159.6,198.8,156.4,111.8,159.6,139.4,154.9,131.3,71.6,1568.0
Morges,374,2528808 / 1152121,01.1961-12.1990,85.3,83.1,81.8,68.8,84.8,91.5,77.2,87.3,76.4,83.3,95.0,93.9,1008.4
Morgins,1341,2554716 / 1120675,01.1961-12.1990,155.6,148.5,147.7,131.1,154.3,189.6,166.9,170.3,137.8,133.5,175.5,186.0,1896.8
Mormont,535,2569727 / 1254223,01.1961-12.1990,89.8,82.7,91.8,95.3,117.9,108.1,88.4,102.3,83.0,80.6,100.7,96.8,1137.4
Mosen,453,2660128 / 1232852,01.1961-12.1990,70.7,68.9,72.4,78.2,98.7,123.1,106.1,115.9,82.6,65.1,77.5,75.2,1034.4
Mosogno,771,2692802 / 1117049,01.1961-12.1990,85.1,97.5,129.4,214.9,241.2,182.5,169.5,200.2,233.3,236.8,169.5,72.6,2032.5
Mottec,1580,2614324 / 1110729,01.1961-12.1990,57.6,62.4,69.0,58.3,76.9,83.8,73.6,89.9,55.8,63.6,74.6,67.0,832.5
Moudon,563,2551368 / 1169636,01.1961-12.1990,85.7,75.5,83.3,82.2,99.7,106.7,92.5,104.9,82.6,86.0,96.8,89.9,1085.8
Moutier,579,2594939 / 1235698,01.1961-12.1990,83.0,78.6,80.3,85.8,104.7,117.3,95.0,108.3,70.8,73.2,91.3,87.4,1075.7
Muotathal,620,2700940 / 1203189,01.1961-12.1990,141.4,137.0,152.6,168.0,171.7,231.6,230.3,229.3,147.0,125.9,152.5,152.8,2040.1
"Muri, AG",577,2667276 / 1235322,01.1961-12.1990,79.7,80.3,79.8,98.6,115.4,133.2,116.7,127.3,90.7,73.7,89.0,84.2,1168.6
Murten,433,2576991 / 1199048,01.1961-12.1990,72.7,66.9,73.5,72.1,95.6,105.6,92.2,104.6,79.7,72.5,84.6,74.9,994.9
Möhlin,343,2633053 / 1269147,01.1961-12.1990,75.9,71.9,74.0,82.2,104.8,107.2,92.9,109.4,80.7,70.9,85.2,85.1,1040.2
Mülligen,393,2659783 / 1256026,01.1961-12.1990,83.3,81.0,78.6,85.1,100.8,113.7,98.6,119.3,82.1,73.7,90.6,84.6,1091.4
Mürren,1632,2634610 / 1156091,01.1961-12.1990,105.9,92.6,121.5,124.2,132.3,155.8,146.8,157.7,96.4,92.6,106.6,101.4,1433.8
Müstair,1248,2831186 / 1169358,01.1961-12.1990,34.7,33.0,42.3,52.0,80.0,74.0,81.5,86.3,60.8,55.8,55.5,34.5,690.4
Napf,1404,2638137 / 1206079,01.1961-12.1990,112.3,127.9,118.6,135.9,170.1,212.7,169.6,202.1,128.9,101.8,127.9,128.4,1736.2
Nesselboden,1055,2605295 / 1232697,01.1961-12.1990,140.6,130.8,136.8,118.3,145.2,156.7,133.0,157.5,109.1,119.5,146.9,151.5,1645.9
Neuchâtel,485,2563086 / 1205559,01.1961-12.1990,71.4,68.5,69.6,64.3,83.5,94.4,80.9,99.3,81.6,68.3,80.9,79.3,942.0
Niederneunforn,440,2700861 / 1272509,01.1961-12.1990,57.1,56.3,54.0,71.6,88.2,105.8,90.2,101.9,67.2,58.8,71.5,60.6,883.2
Nyon / Changins,458,2506877 / 1139573,01.1961-12.1990,83.4,82.7,80.1,62.2,77.7,83.1,67.2,75.0,77.9,76.2,92.3,96.0,953.8
Oberiberg,1075,2701841 / 1210463,01.1961-12.1990,130.7,132.1,138.2,154.2,172.2,230.9,229.6,225.4,144.3,114.2,143.6,142.5,1957.9
Oberwald,1375,2669650 / 1154049,01.1961-12.1990,133.8,131.7,137.2,126.3,126.7,123.9,103.1,131.5,97.4,130.3,145.2,141.2,1528.3
Obstalden,689,2730891 / 1219536,01.1961-12.1990,94.3,94.6,99.4,117.9,139.0,181.2,172.2,182.7,117.2,94.8,110.0,110.3,1513.6
Olivone,890,2714903 / 1154143,01.1961-12.1990,73.2,77.5,91.0,135.7,165.9,131.1,123.5,154.3,146.7,131.0,129.9,69.9,1429.7
Opfikon,424,2684614 / 1254697,01.1961-12.1990,80.6,81.9,79.5,91.0,107.9,126.9,113.6,117.8,90.5,73.8,95.4,88.3,1147.2
Orbe,438,2531750 / 1176425,01.1961-12.1990,68.4,63.0,63.1,56.6,74.6,85.1,72.8,85.4,69.8,59.1,70.6,72.9,841.4
Orsières,929,2577021 / 1096695,01.1961-12.1990,66.0,61.2,63.7,57.6,65.2,66.0,67.2,67.3,52.9,63.2,68.4,73.1,771.8
Orzens,624,2542134 / 1174815,01.1961-12.1990,78.4,69.4,75.2,69.7,90.4,97.6,88.7,94.3,79.8,71.3,84.1,76.3,975.2
Otelfingen,435,2671520 / 1257079,01.1961-12.1990,82.8,81.9,78.5,85.4,99.2,115.6,103.0,113.2,82.2,72.0,90.0,87.3,1091.1
Passo del Bernina,2260,2798423 / 1143019,01.1961-12.1990,107.7,95.9,128.9,161.4,177.5,144.0,146.1,156.6,145.4,157.0,180.2,108.0,1708.7
Payerne,490,2562130 / 1184611,01.1961-12.1990,57.0,52.4,60.3,61.9,83.4,92.3,82.9,92.6,68.3,62.8,68.4,58.8,841.1
Payerne / Ville,447,2561614 / 1187040,01.1961-12.1990,69.4,61.2,67.3,65.9,85.7,97.1,82.6,98.3,71.4,68.2,75.8,67.0,909.9
"Pfäffikon, ZH",537,2699400 / 1248164,01.1961-12.1990,73.1,74.4,73.6,98.8,112.0,135.3,131.9,136.3,93.3,73.2,84.0,76.5,1162.4
Pigniu,1325,2727950 / 1185714,01.1961-12.1990,80.7,80.7,85.5,87.4,103.3,121.8,120.4,134.8,102.5,80.1,99.8,90.5,1187.5
Pilatus,2105,2661904 / 1203410,01.1961-12.1990,139.1,119.5,127.7,158.7,153.9,154.4,146.3,158.4,100.1,76.6,123.0,130.7,1588.4
Piotta,990,2695880 / 1152264,01.1961-12.1990,76.4,83.3,96.4,131.5,161.2,120.7,113.9,141.4,139.0,146.4,132.6,69.7,1412.5
Piz Corvatsch,3294,2783155 / 1143524,01.1961-12.1990,83.7,82.5,91.1,97.9,139.3,142.5,125.1,123.2,98.9,79.9,107.9,73.4,1245.4
Plaffeien,1042,2586828 / 1177406,01.1961-12.1990,69.9,60.0,78.1,101.4,137.6,153.1,133.5,154.9,106.9,89.3,87.7,76.4,1248.8
Pleigne,738,2587683 / 1251978,01.1961-12.1990,91.9,87.0,93.3,106.0,123.1,133.0,101.9,114.7,83.6,81.0,103.2,97.5,1216.2
Ponte Tresa,274,2710110 / 1091628,01.1961-12.1990,82.3,82.7,121.6,181.9,225.9,191.1,157.6,183.1,179.4,180.0,150.4,70.1,1806.1
Pontresina,1787,2787950 / 1153832,01.1961-12.1990,40.4,31.2,39.9,53.4,90.7,86.1,92.4,104.4,80.2,68.1,75.7,36.6,799.1
Poschiavo / Robbia,1078,2801993 / 1136248,01.1961-12.1990,59.1,40.6,57.5,80.7,114.3,100.5,104.9,106.0,94.3,93.4,100.0,57.1,1008.4
Pully,456,2540819 / 1151510,01.1961-12.1990,82.9,72.8,81.3,83.6,100.8,114.9,90.8,110.6,99.7,93.3,97.3,88.4,1116.4
Punt la Drossa,1713,2810567 / 1170637,01.1961-12.1990,50.6,44.0,48.8,65.4,102.3,85.7,101.4,103.0,75.3,65.5,71.5,50.7,864.2
Reigoldswil,605,2617672 / 1249938,01.1961-12.1990,85.5,80.9,83.9,103.6,116.3,128.6,102.6,120.3,89.6,79.6,94.4,89.4,1174.7
Rempen,650,2710610 / 1221849,01.1961-12.1990,107.3,104.8,117.6,141.6,164.0,217.4,197.9,212.4,136.9,110.2,126.4,121.9,1758.4
Rheinau,372,2687881 / 1277979,01.1961-12.1990,77.9,73.4,66.4,76.5,90.5,108.2,98.4,112.3,70.8,69.0,87.0,79.9,1010.3
Rheinfelden,300,2626970 / 1266320,01.1961-12.1990,73.6,67.9,69.3,77.9,97.4,99.8,86.4,102.1,75.1,65.8,78.5,80.3,974.1
Ricken,836,2722680 / 1235901,01.1961-12.1990,117.0,113.5,121.4,151.5,173.9,212.7,198.0,209.7,144.0,114.9,128.2,123.5,1808.3
Riedholz / Wallierhof,518,2609394 / 1231491,01.1961-12.1990,113.5,106.6,94.7,87.7,114.7,128.3,112.8,140.7,90.4,98.6,120.5,123.2,1331.7
Riehen,390,2617757 / 1271022,01.1961-12.1990,58.3,56.1,55.4,68.5,97.7,99.1,86.7,95.2,64.9,56.1,62.4,62.5,862.9
Riex,460,2546091 / 1149422,01.1961-12.1990,99.0,85.3,94.6,95.7,110.3,127.5,106.4,128.1,102.7,99.1,107.6,98.8,1255.1
Riggisberg,775,2603424 / 1184499,01.1961-12.1990,69.7,69.3,78.4,108.2,120.4,142.4,125.7,143.6,95.2,79.2,85.0,75.6,1192.7
Romont,692,2561475 / 1172622,01.1961-12.1990,84.4,74.3,88.1,90.7,112.1,116.1,108.5,121.1,91.0,89.1,99.3,85.4,1160.1
Rothenbrunnen,620,2751221 / 1181292,01.1961-12.1990,48.9,44.9,53.3,57.7,84.5,93.4,93.0,104.9,86.5,57.5,71.0,54.5,850.1
Rünenberg,611,2633252 / 1253846,01.1961-12.1990,56.3,54.7,61.2,80.1,107.9,112.3,103.0,111.9,82.7,69.6,72.0,66.5,978.2
S. Bernardino,1639,2734116 / 1147293,01.1961-12.1990,83.3,75.2,99.0,155.5,197.4,158.6,151.2,166.5,164.0,151.2,134.0,77.4,1613.3
Saas Fee,1796,2638235 / 1106761,01.1961-12.1990,40.8,43.4,59.4,66.2,75.9,56.3,41.1,58.7,45.0,76.0,64.1,44.0,670.9
Safien Platz,1296,2743556 / 1171436,01.1961-12.1990,59.1,54.1,66.4,78.2,105.4,117.7,124.0,132.1,105.6,75.5,82.4,59.5,1060.0
Saignelégier,883,2565349 / 1234100,01.1961-12.1990,127.3,121.3,116.5,117.0,150.4,152.0,124.8,141.1,105.2,98.1,127.0,130.1,1510.8
Salen-Reutenen,719,2719100 / 1279046,01.1961-12.1990,37.3,40.0,43.9,69.3,88.9,104.1,99.5,107.4,75.4,58.8,58.8,44.8,828.2
Salez / Saxerriet,436,2755558 / 1233373,01.1961-12.1990,76.1,75.0,76.9,95.8,114.6,152.1,163.7,163.5,114.6,75.2,91.8,84.5,1283.8
Samedan,1709,2787250 / 1155684,01.1961-12.1990,30.4,24.6,29.6,41.9,79.1,87.8,90.1,99.8,71.4,59.6,54.4,31.6,700.3
Sangernboden,1035,2593219 / 1173905,01.1961-12.1990,98.6,94.4,106.0,129.4,158.2,186.9,164.8,178.3,119.0,99.7,114.9,105.8,1556.0
Sargans,585,2752065 / 1213348,01.1961-12.1990,108.8,100.1,105.1,116.9,125.9,154.6,150.2,164.5,119.9,85.9,112.2,116.5,1460.6
Sarnen,471,2662147 / 1194359,01.1961-12.1990,60.6,61.7,69.2,84.0,108.6,134.2,134.2,147.6,87.0,69.0,75.0,63.4,1094.5
"Sattel, SZ",790,2691000 / 1215145,01.1961-12.1990,114.2,106.8,124.0,153.5,165.1,216.9,205.3,220.3,138.7,116.8,130.1,122.3,1814.0
Savognin,1172,2765387 / 1162662,01.1961-12.1990,51.1,42.0,53.8,63.7,95.5,102.6,108.1,116.8,94.8,68.6,70.9,49.4,917.3
Schaan,444,2755510 / 1228259,01.1961-12.1990,66.9,58.7,63.2,78.1,100.0,132.8,138.9,144.2,101.7,65.9,75.7,72.5,1098.6
Schaffhausen,438,2688703 / 1282803,01.1961-12.1990,69.9,68.8,63.1,70.4,82.9,104.3,94.7,105.6,66.5,67.7,78.8,76.3,949.0
Schleitheim,497,2678236 / 1288716,01.1961-12.1990,69.1,62.3,59.0,61.5,74.3,90.4,82.8,92.0,55.4,57.5,72.3,74.3,850.9
Schwarzenburg,806,2593149 / 1184720,01.1961-12.1990,77.4,71.3,85.8,108.9,140.3,153.5,125.6,148.4,102.9,87.2,94.5,79.9,1275.7
Schwarzenegg,902,2621687 / 1183859,01.1961-12.1990,68.7,66.7,79.3,103.4,135.2,160.3,149.9,161.3,96.4,78.2,82.1,70.9,1252.4
Schwyz,479,2691646 / 1208411,01.1961-12.1990,101.4,99.1,119.7,139.6,149.4,181.5,182.4,198.8,122.7,102.1,120.1,112.6,1629.4
Schwägalp,1348,2742180 / 1235649,01.1961-12.1990,184.3,170.1,190.2,225.9,231.4,287.9,278.7,268.6,197.0,158.6,194.0,190.0,2576.7
Schänis,415,2719940 / 1225579,01.1961-12.1990,93.6,91.6,103.9,134.8,164.1,211.7,201.8,217.6,138.7,106.0,113.7,101.8,1679.3
Scudellate,920,2724253 / 1086841,01.1961-12.1990,81.7,82.2,124.1,190.6,239.9,190.0,153.2,175.4,168.5,166.1,141.4,76.2,1789.3
Scuol,1304,2817138 / 1186393,01.1961-12.1990,38.4,36.9,36.2,39.1,72.7,74.6,86.9,96.1,63.7,50.5,57.0,41.3,693.4
Sedrun,1431,2699952 / 1169848,01.1961-12.1990,97.8,99.1,96.3,105.5,116.9,116.8,110.6,134.0,105.8,104.2,119.2,101.1,1307.3
Seengen,445,2656680 / 1242100,01.1961-12.1990,83.1,80.3,77.5,86.2,99.7,118.9,108.2,121.3,85.8,68.0,89.1,87.9,1106.0
Segl-Maria,1804,2778576 / 1144976,01.1961-12.1990,50.1,42.0,60.3,78.7,104.5,104.6,108.8,121.2,92.7,81.9,85.1,48.5,978.4
Sempach,532,2657439 / 1220764,01.1961-12.1990,68.6,66.9,69.7,88.3,115.3,148.2,119.1,137.6,86.6,66.2,80.2,67.4,1114.1
Semsales,874,2561108 / 1158427,01.1961-12.1990,107.8,93.5,107.4,111.5,132.8,159.9,129.0,135.6,119.0,113.1,123.0,112.0,1444.6
Sevelen,457,2755605 / 1221301,01.1961-12.1990,71.8,77.8,71.9,84.9,108.0,139.9,150.1,154.1,106.8,70.8,90.2,79.6,1205.9
Siebnen,452,2710821 / 1225537,01.1961-12.1990,91.0,92.3,99.2,125.1,148.3,184.5,182.9,197.0,125.2,91.7,107.7,100.3,1545.2
Sierre,540,2608597 / 1127297,01.1961-12.1990,64.9,64.5,54.4,40.3,43.1,54.1,48.1,58.3,36.9,52.8,67.4,72.1,656.9
Sihlbrugg,549,2686318 / 1230585,01.1961-12.1990,75.8,77.6,85.6,113.7,135.5,170.3,153.3,159.8,107.9,80.9,93.7,84.6,1338.7
Simplon-Dorf,1465,2647682 / 1116339,01.1961-12.1990,72.4,81.8,102.8,130.7,146.0,93.7,70.0,97.4,78.8,151.7,119.5,71.4,1216.2
Sion,482,2591632 / 1118583,01.1961-12.1990,53.2,56.8,47.7,35.6,41.2,51.9,47.9,54.5,37.8,50.0,60.1,61.2,597.9
Sissach,374,2627500 / 1257130,01.1961-12.1990,67.0,64.6,65.3,82.2,107.7,119.9,94.8,122.0,85.1,67.6,76.6,74.1,1026.9
Soglio,1086,2761393 / 1134473,01.1961-12.1990,63.2,55.4,85.5,133.8,178.5,161.6,151.5,167.1,142.1,133.2,128.4,59.1,1459.4
Sonogno,910,2703884 / 1134026,01.1961-12.1990,91.6,110.7,128.9,203.4,229.5,191.5,197.4,217.2,249.3,229.9,182.0,78.2,2109.6
Splügen,1460,2744420 / 1157434,01.1961-12.1990,62.3,58.5,79.4,126.8,152.9,137.9,140.1,156.4,143.3,120.9,115.5,63.6,1357.6
St. Antönien,1456,2781634 / 1205103,01.1961-12.1990,111.8,92.3,104.0,102.1,126.7,164.3,190.0,173.6,116.4,82.5,101.3,104.7,1469.7
St. Gallen,776,2747865 / 1254587,01.1961-12.1990,72.6,70.4,81.1,125.4,155.2,178.5,177.3,180.1,132.2,82.5,92.9,78.3,1426.5
St. Peterzell,700,2731250 / 1242139,01.1961-12.1990,108.8,110.0,112.2,131.1,152.6,191.4,181.3,182.7,134.5,95.4,119.9,115.3,1635.2
St. Urban,488,2630369 / 1229411,01.1961-12.1990,90.4,87.5,82.8,88.7,109.8,123.8,108.7,123.1,88.1,78.3,96.4,96.7,1174.3
"Sta. Maria, Val Müstair",1386,2828862 / 1165579,01.1961-12.1990,32.6,27.4,38.6,53.6,83.4,79.9,96.2,103.0,79.3,59.9,59.2,32.9,746.0
Stabio,351,2716048 / 1077971,01.1961-12.1990,80.4,78.9,113.7,151.2,186.1,141.5,112.1,157.2,131.4,148.2,123.3,66.1,1490.1
Stalden / Ackersand,701,2633608 / 1121114,01.1961-12.1990,35.7,37.0,47.1,46.9,47.0,45.1,33.3,43.0,32.6,53.0,58.3,42.0,521.0
Stallikon,754,2680334 / 1239849,01.1961-12.1990,73.6,75.6,76.5,107.9,132.3,146.2,132.0,143.1,105.4,72.6,83.8,76.8,1225.8
Stans,439,2669015 / 1202411,01.1961-12.1990,65.0,65.4,75.4,101.8,122.4,156.0,147.4,165.9,101.4,75.1,79.2,69.1,1224.1
Starkenbach,897,2737313 / 1227575,01.1961-12.1990,139.1,134.2,139.9,151.5,159.2,205.7,213.6,224.7,148.3,121.1,143.5,153.5,1934.3
Steckborn,399,2715170 / 1280179,01.1961-12.1990,64.0,62.4,58.0,74.9,94.7,98.9,94.2,96.1,69.1,60.2,73.8,66.5,912.8
Stiegelschwand,1456,2607170 / 1148545,01.1961-12.1990,121.9,125.5,131.5,117.3,128.6,176.3,169.8,177.1,113.7,100.3,133.1,142.6,1637.7
Stöckalp,1070,2664320 / 1183549,01.1961-12.1990,107.9,112.6,125.0,134.9,169.6,188.5,191.6,203.4,120.5,102.0,128.1,117.2,1701.3
Sulgen,445,2731025 / 1267174,01.1961-12.1990,65.4,63.3,66.0,89.5,114.0,126.7,113.3,124.9,94.5,67.9,78.2,67.4,1071.1
Susch,1416,2802002 / 1181593,01.1961-12.1990,57.1,45.8,50.1,58.3,90.4,97.3,110.7,114.6,78.0,56.0,70.1,54.3,882.7
Säntis,2501,2744188 / 1234920,01.1961-12.1990,233.9,195.8,200.0,223.4,199.4,249.6,270.3,288.2,206.4,173.9,211.7,248.2,2700.8
Tamins,668,2750155 / 1188621,01.1961-12.1990,79.5,76.0,76.2,79.1,99.4,120.7,112.8,123.7,100.2,70.3,91.6,85.4,1114.9
Tavanasa,800,2722750 / 1178979,01.1961-12.1990,81.0,79.9,74.4,84.7,101.5,103.0,102.8,113.0,101.7,82.3,105.9,86.9,1117.1
"Teufen, AR",834,2747784 / 1250408,01.1961-12.1990,88.6,87.8,95.5,133.0,163.5,191.4,183.6,184.3,138.6,91.5,103.4,90.5,1551.7
Thierrens,770,2547569 / 1172610,01.1961-12.1990,85.1,75.8,86.2,79.9,102.3,110.8,96.1,103.4,88.9,84.8,95.8,84.4,1093.5
Thun,570,2611200 / 1177640,01.1961-12.1990,49.2,46.3,54.4,76.2,99.5,118.8,113.6,128.7,72.5,56.8,59.1,49.6,924.7
Thundorf,560,2714740 / 1267439,01.1961-12.1990,63.9,64.3,62.3,85.7,106.7,113.6,112.7,112.9,81.9,64.3,79.2,67.9,1015.4
Thusis,672,2753155 / 1175088,01.1961-12.1990,48.6,40.5,50.3,59.3,83.1,92.4,98.7,107.1,89.4,63.1,72.1,47.2,851.8
Tiefencastel,897,2763442 / 1170267,01.1961-12.1990,46.5,36.8,40.3,46.1,80.9,91.7,101.1,109.5,81.8,57.4,66.2,49.3,807.6
Torricella / Crana,1002,2712695 / 1103744,01.1961-12.1990,80.8,88.9,139.4,211.2,272.3,221.9,191.5,210.8,217.2,206.0,167.6,77.9,2085.5
Tour de Gourze,915,2546452 / 1151241,01.1961-12.1990,96.3,79.8,96.2,95.6,115.5,130.3,103.7,130.2,104.4,100.3,105.8,95.5,1253.6
Trogen,975,2752170 / 1251769,01.1961-12.1990,86.2,86.7,94.9,144.0,172.6,202.6,208.5,199.9,153.3,97.8,106.5,90.6,1643.6
Trun,834,2719985 / 1178223,01.1961-12.1990,75.6,73.6,75.1,87.2,108.1,102.2,99.2,115.7,100.9,85.5,100.7,80.8,1104.6
Tschiertschen,1273,2765538 / 1187678,01.1961-12.1990,64.5,60.9,65.1,75.3,105.1,127.9,132.1,140.8,108.4,69.4,81.5,66.7,1097.7
Uerikon,415,2699740 / 1232469,01.1961-12.1990,76.7,77.8,80.7,98.8,120.0,148.4,149.2,160.7,106.6,75.5,87.2,82.7,1264.3
Ulrichen,1346,2666747 / 1150766,01.1961-12.1990,97.3,92.0,101.1,98.0,103.6,90.3,67.3,98.7,66.8,103.0,115.0,103.4,1136.5
Unterkulm,454,2650838 / 1241212,01.1961-12.1990,89.2,91.2,86.1,92.5,102.5,126.7,112.0,122.9,87.9,73.1,98.3,96.1,1178.5
Unterschächen,1470,2701900 / 1191999,01.1961-12.1990,134.7,137.6,155.0,169.4,172.0,209.1,213.7,217.2,139.5,117.8,147.3,147.7,1961.0
Urnerboden,1395,2712650 / 1195249,01.1961-12.1990,115.7,112.6,121.7,136.3,140.8,199.1,232.8,237.9,151.8,110.6,134.1,120.6,1814.0
Urnäsch,825,2739206 / 1241761,01.1961-12.1990,119.0,115.2,122.0,154.6,176.5,209.8,204.1,195.7,147.2,107.1,128.4,123.0,1802.6
Uster,438,2694760 / 1245190,01.1961-12.1990,78.4,77.3,77.2,92.8,110.8,137.2,128.8,131.6,93.0,69.4,86.6,81.3,1164.4
Vaduz,457,2757723 / 1221699,01.1961-12.1990,50.8,49.2,52.1,66.0,95.2,126.5,139.4,143.4,98.8,62.3,65.7,57.4,1006.8
Valeyres-sous-Rances,510,2530240 / 1178344,01.1961-12.1990,78.3,77.7,70.7,59.0,80.1,86.9,74.2,85.0,72.2,64.1,80.1,88.9,917.2
Vallorbe,748,2519399 / 1174060,01.1961-12.1990,126.6,116.6,108.9,102.2,121.2,132.1,98.0,112.1,99.0,102.0,126.6,136.8,1382.1
Vals,1242,2734017 / 1165551,01.1961-12.1990,49.5,50.8,61.2,88.1,115.3,110.9,113.2,128.7,114.8,85.7,88.8,55.8,1062.8
Vella,1245,2732650 / 1175669,01.1961-12.1990,60.4,55.1,67.4,81.0,100.3,104.6,100.8,115.2,101.2,72.4,86.4,59.5,1004.3
Vevey / Corseaux,405,2552105 / 1146847,01.1961-12.1990,82.4,73.8,84.9,86.8,99.2,122.8,110.1,136.9,103.2,92.5,93.8,80.9,1167.3
Vicosoprano,1089,2768486 / 1135865,01.1961-12.1990,72.8,67.8,85.9,135.5,174.1,139.1,133.3,148.3,128.2,124.4,130.0,68.6,1408.0
Villars-Tiercelin,859,2544197 / 1163651,01.1961-12.1990,95.0,83.4,92.6,83.3,97.1,105.7,85.8,101.4,87.5,95.8,108.2,102.7,1138.5
"Vira, Gambarogno",225,2709402 / 1111548,01.1961-12.1990,82.2,82.4,119.1,191.3,221.8,189.7,165.6,192.3,193.8,188.2,155.5,68.0,1849.9
Visp,639,2631150 / 1128024,01.1961-12.1990,49.7,53.1,58.0,47.1,45.8,45.3,36.1,41.9,31.6,57.1,69.6,63.3,598.6
Vrin,1384,2727424 / 1168525,01.1961-12.1990,60.0,58.9,72.8,89.2,115.2,125.5,130.5,138.9,117.5,84.9,90.4,59.5,1143.3
Vättis,939,2752732 / 1197281,01.1961-12.1990,81.6,78.5,75.1,75.3,100.9,125.3,130.1,137.5,106.5,70.1,89.9,90.4,1161.2
Wahlendorf,760,2592250 / 1205940,01.1961-12.1990,88.4,80.4,89.2,90.0,113.6,116.5,108.5,115.7,86.2,82.6,95.4,91.6,1158.1
Wald / Tanne,1075,2757025 / 1254229,01.1961-12.1990,70.6,70.1,75.3,112.2,141.2,172.7,184.2,184.5,134.7,82.9,86.5,71.5,1386.4
Waldegg,545,2676761 / 1246210,01.1961-12.1990,76.9,74.3,74.1,94.2,112.4,127.2,118.8,123.8,93.1,69.9,85.6,82.2,1132.5
Waldenburg,525,2623380 / 1248275,01.1961-12.1990,82.2,82.4,85.8,97.4,109.7,126.8,102.2,117.0,84.6,79.0,95.1,93.1,1155.3
Waldweide,1014,2621375 / 1247325,01.1961-12.1990,67.6,69.1,75.8,95.9,110.3,136.8,112.2,122.4,91.5,84.6,92.2,79.4,1137.8
Wangen b. Olten,437,2633272 / 1242768,01.1961-12.1990,70.6,70.3,64.9,69.8,90.3,105.8,89.4,101.4,75.5,68.7,78.9,81.2,966.8
Wasen im Emmental,768,2627861 / 1210554,01.1961-12.1990,88.1,83.2,98.7,128.6,165.2,183.6,160.5,172.1,116.1,94.0,109.2,89.4,1488.7
Weesen,425,2724983 / 1221382,01.1961-12.1990,104.3,103.6,111.5,139.1,158.7,193.3,193.1,198.7,128.5,107.3,119.5,125.6,1683.2
Weinfelden,477,2726403 / 1269982,01.1961-12.1990,58.1,58.6,56.7,74.5,96.5,108.6,98.8,103.4,79.5,58.6,72.9,62.7,928.9
Weissfluhjoch,2691,2780615 / 1189634,01.1961-12.1990,135.0,135.0,121.6,102.0,142.8,169.0,166.7,159.9,110.6,81.1,125.4,137.2,1586.3
Weisstannen,1010,2744900 / 1205819,01.1961-12.1990,102.5,98.3,107.9,111.2,125.4,151.5,161.4,169.4,119.8,87.8,115.7,114.2,1465.1
Widnau,414,2766489 / 1248854,01.1961-12.1990,63.4,63.3,62.2,92.6,123.6,149.2,158.5,157.3,106.7,70.0,77.9,67.6,1192.3
"Wil, ZH",406,2680341 / 1273224,01.1961-12.1990,84.5,82.4,79.2,83.4,91.1,108.2,91.2,108.1,73.5,73.1,95.1,90.7,1060.5
Wilchingen,413,2676253 / 1280055,01.1961-12.1990,74.8,69.5,66.0,71.2,76.1,97.6,83.5,100.6,64.8,67.3,85.3,81.5,938.2
Wildhaus,998,2746129 / 1229567,01.1961-12.1990,103.6,104.3,101.7,112.7,144.1,199.4,199.9,201.6,139.1,100.3,119.3,114.1,1640.1
Wimmis,648,2617298 / 1168863,01.1961-12.1990,94.2,91.9,97.9,112.0,126.2,150.6,138.1,157.0,91.9,82.7,100.8,97.1,1340.4
Winterthur / Seen,506,2699845 / 1259053,01.1961-12.1990,75.7,75.4,74.2,87.2,102.3,117.1,110.9,115.8,86.3,70.6,88.6,81.7,1085.8
Wittnau,463,2639941 / 1258983,01.1961-12.1990,87.4,78.4,88.0,90.0,106.3,117.1,95.6,116.2,83.4,74.3,91.5,91.1,1119.3
Witzwil,433,2570636 / 1205385,01.1961-12.1990,71.4,65.1,70.2,66.0,87.5,96.7,85.8,99.6,80.1,71.5,85.3,75.8,955.0
Wynau,422,2626405 / 1233849,01.1961-12.1990,75.6,71.8,69.9,69.4,95.4,107.6,94.0,104.2,78.9,75.9,84.0,86.6,1013.3
Wädenswil,485,2693847 / 1230744,01.1961-12.1990,91.2,85.2,92.7,108.4,129.3,150.9,148.1,156.7,107.5,86.1,100.7,96.5,1353.3
Yverdon-les-Bains,432,2539851 / 1181493,01.1961-12.1990,71.0,64.1,64.8,59.0,79.5,91.9,79.0,91.2,77.2,65.6,75.5,74.3,893.1
Zermatt,1638,2624297 / 1097574,01.1961-12.1990,42.6,46.2,48.9,49.8,60.6,56.4,47.0,59.9,40.9,54.6,55.4,48.5,610.8
Zernez,1465,2802572 / 1175429,01.1961-12.1990,45.0,37.1,41.8,46.7,79.4,83.2,94.7,102.9,66.7,49.6,61.6,42.9,751.6
Zervreila,1738,2728780 / 1159992,01.1961-12.1990,71.2,69.8,85.8,105.3,139.7,134.9,140.1,147.9,128.4,104.6,103.1,74.6,1305.4
Zofingen,432,2638189 / 1236711,01.1961-12.1990,91.2,90.8,82.7,88.9,110.7,133.7,110.1,124.5,92.4,78.8,98.9,101.1,1203.8
Zug,435,2682330 / 1225469,01.1961-12.1990,67.1,66.5,75.1,98.5,128.0,155.7,144.6,158.0,102.6,76.5,79.9,71.1,1223.6
Zugerberg,880,2683303 / 1223008,01.1961-12.1990,69.9,67.8,84.0,111.7,133.5,174.4,159.1,180.4,114.7,82.8,85.8,70.4,1334.5
Zweisimmen,936,2595880 / 1155471,01.1961-12.1990,98.9,96.5,92.1,89.5,110.6,133.6,128.9,131.0,82.2,78.9,101.6,105.3,1249.1
Zwillikon,461,2675138 / 1238164,01.1961-12.1990,61.8,65.6,64.5,88.6,113.9,145.4,124.5,141.1,91.9,68.8,73.8,66.2,1106.1
Zürich / Affoltern,444,2681433 / 1253547,01.1961-12.1990,68.6,69.1,67.7,82.3,99.5,116.8,105.1,120.2,86.2,67.5,82.8,76.2,1042.0
Zürich / Fluntern,556,2685117 / 1248065,01.1961-12.1990,67.0,69.6,69.0,86.9,102.8,124.4,117.4,132.6,92.3,69.1,81.6,73.1,1085.8
Zürich / Kloten,426,2682711 / 1259338,01.1961-12.1990,67.0,68.2,68.4,78.0,96.1,115.2,105.7,121.1,83.3,70.3,84.1,73.9,1031.3